filename,subject,body_preview,processed,error,category_1,score_1,category_2,score_2,category_3,score_3,category_4,score_4,category_5,score_5,top_category,top_score,confidence
business_and_correspondence_1.eml,Согласование этапов проекта по тех. сопровождению №ТС-2024-01,"Согласование этапов проекта по тех. сопровождению №ТС-2024-01. Согласование этапов проекта по тех. сопровождению №ТС-2024-01. Согласование этапов проекта по тех. сопровождению №ТС-2024-01. Тема письма: Согласование этапов проекта по тех. сопровождению №ТС-2024-01

*\u0423\u0432\u0430\u0436\u0430\u04",True,,Бизнес-корреспонденция,0.6846,Системные уведомления,0.6730,Техническая поддержка,0.6455,Новостные рассылки,0.6428,Регистрация и подтверждение,0.6273,Бизнес-корреспонденция,0.6846,0.6846016645431519
business_and_correspondence_10.eml,TR: October 2025 Statement of Account - Imports + Exports,TR: October 2025 Statement of Account - Imports + Exports. TR: October 2025 Statement of Account - Imports + Exports. TR: October 2025 Statement of Account - Imports + Exports. Тема письма: TR: October 2025 Statement of Account - Imports + Exports <https://www.tunisietravail.net/uploads/2018/06/tic-,True,,Финансовые операции,0.6869,Регистрация и подтверждение,0.6813,Бизнес-корреспонденция,0.6569,Новостные рассылки,0.6515,Транспорт и путешествия,0.6313,Финансовые операции,0.6869,0.6869336366653442
business_and_correspondence_2.eml,"Final Rev Design and Consulting - CSS Replenishment is due Inv
 48668642",Final Rev Design and Consulting - CSS Replenishment is due Inv 48668642. Final Rev Design and Consulting - CSS Replenishment is due Inv 48668642. Final Rev Design and Consulting - CSS Replenishment is due Inv 48668642. Тема письма: Final Rev Design and Consulting - CSS Replenishment is due Inv 48668,True,,Системные уведомления,0.6092,Техническая поддержка,0.5952,Новостные рассылки,0.5879,Бизнес-корреспонденция,0.5796,Регистрация и подтверждение,0.5687,Системные уведомления,0.6092,0.6092100739479065
business_and_correspondence_3.eml,Re: Ha: Заявка на получение конкурсной и предпроектной документации по процедуре №2025-1283910,Re: Ha: Заявка на получение конкурсной и предпроектной документации по процедуре №2025-1283910. Re: Ha: Заявка на получение конкурсной и предпроектной документации по процедуре №2025-1283910. Re: Ha: Заявка на получение конкурсной и предпроектной документации по процедуре №2025-1283910. Тема письма:,True,,Бизнес-корреспонденция,0.7391,Новостные рассылки,0.6565,Регистрация и подтверждение,0.6397,Системные уведомления,0.6348,Финансовые операции,0.6345,Бизнес-корреспонденция,0.7391,0.7390767335891724
business_and_correspondence_4.eml,"FW: Invitation to tender - Magna Park, Lutterworth LE17","FW: Invitation to tender - Magna Park, Lutterworth LE17. FW: Invitation to tender - Magna Park, Lutterworth LE17. FW: Invitation to tender - Magna Park, Lutterworth LE17. Тема письма: FW: Invitation to tender - Magna Park, Lutterworth LE17

Lloyd can you please check the below link is ok to click on",True,,Рекламная рассылка,0.6085,Техническая поддержка,0.5953,Бизнес-корреспонденция,0.5898,Неприемлемый контент,0.5880,Транспорт и путешествия,0.5757,Рекламная рассылка,0.6085,0.6084578037261963
business_and_correspondence_5.eml,Hamilton Architects,"Hamilton Architects. Hamilton Architects. Hamilton Architects. Тема письма: Hamilton Architects EXTERNAL EMAIL: This email originated from outside of the organisation. Do not click links or open attachments unless you recognise the sender and know the content is safe. Hi, Please find important repor",True,,Бизнес-корреспонденция,0.6081,Регистрация и подтверждение,0.6031,Системные уведомления,0.6009,Новостные рассылки,0.5971,Транспорт и путешествия,0.5653,Бизнес-корреспонденция,0.6081,0.6081469058990479
business_and_correspondence_6.eml,[EXTERNAL] Re: ltimindtree | Tenable VM/PCI Evaluation,"[EXTERNAL] Re: ltimindtree | Tenable VM/PCI Evaluation. [EXTERNAL] Re: ltimindtree | Tenable VM/PCI Evaluation. [EXTERNAL] Re: ltimindtree | Tenable VM/PCI Evaluation. Тема письма: [EXTERNAL] Re: ltimindtree | Tenable VM/PCI Evaluation

Hey Swati,   Do you have a few minutes to discuss what you are ",True,,Техническая поддержка,0.6691,Системные уведомления,0.6424,Бизнес-корреспонденция,0.6271,Рекламная рассылка,0.6201,Регистрация и подтверждение,0.6056,Техническая поддержка,0.6691,0.6690843105316162
business_and_correspondence_7.eml,Invitation to scale an AI Social Media App,Invitation to scale an AI Social Media App. Invitation to scale an AI Social Media App. Invitation to scale an AI Social Media App. Тема письма: Invitation to scale an AI Social Media App You don't often get email from neha@gobazzinga.io. <https://aka.ms/LearnAboutSenderIdentification> Learn why thi,True,,Новостные рассылки,0.6289,Регистрация и подтверждение,0.6244,Системные уведомления,0.6229,Техническая поддержка,0.6125,Рекламная рассылка,0.6097,Новостные рассылки,0.6289,0.6289446949958801
business_and_correspondence_8.eml,Looks like SPAM Meeting Invite,"Looks like SPAM Meeting Invite. Looks like SPAM Meeting Invite. Looks like SPAM Meeting Invite. Тема письма: Looks like SPAM Meeting Invite Classification: Company General Use Dear Nilesh & Sakai-san, Greetings! As disussed, pleae find the SPAM meeting invite attached here. FYA. Thanks. Sincerely, U",True,,Рекламная рассылка,0.6857,Регистрация и подтверждение,0.6619,Бизнес-корреспонденция,0.6454,Новостные рассылки,0.6407,Системные уведомления,0.6405,Рекламная рассылка,0.6857,0.6856706142425537
business_and_correspondence_9.eml,"Re: RFQ - Supply Contract - Albathera Project (New Empire Exhibits Exhibition
 Village)","Re: RFQ - Supply Contract - Albathera Project (New Empire Exhibits Exhibition
 Village). Re: RFQ - Supply Contract - Albathera Project (New Empire Exhibits Exhibition
 Village). Re: RFQ - Supply Contract - Albathera Project (New Empire Exhibits Exhibition
 Village). Тема письма: Re: RFQ - Supply Con",True,,Бизнес-корреспонденция,0.6723,Новостные рассылки,0.6654,Рекламная рассылка,0.6237,Транспорт и путешествия,0.6096,Системные уведомления,0.5944,Бизнес-корреспонденция,0.6723,0.6722847819328308
financial_transactions_and_cheques_1.eml,Оплата. Квитанция.,Оплата. Квитанция.. Оплата. Квитанция.. Оплата. Квитанция.. Тема письма: Оплата. Квитанция. 96 \u041f\u043b\u0430\u0442\u0435\u0436 \u0437\u0430\u0432\u0435\u0440\u0448\u0435\u043d \u0443\u0441\u043f\u0435\u0448\u043d\u043e \u041f\u043e\u0440\u0442\u0430\u043b \u0424\u041d\u0421 \u0420\u043e\u0441\u,True,,Финансовые операции,0.6657,Новостные рассылки,0.6342,Бизнес-корреспонденция,0.6309,Рекламная рассылка,0.6299,Вакансии и карьера,0.6215,Финансовые операции,0.6657,0.6656669974327087
financial_transactions_and_cheques_10.eml,Не прошёл платёж за Яндекс Плюс,Не прошёл платёж за Яндекс Плюс. Не прошёл платёж за Яндекс Плюс. Не прошёл платёж за Яндекс Плюс. Тема письма: Не прошёл платёж за Яндекс Плюс 96 Не прошёл платёж за Яндекс Плюс Возможные причины — в этом письме ‌ ‌ ‌ ‌ ‌ ‌ ‌ ‌ ‌ ‌ ‌ ‌ ‌ ‌ ‌ ‌ ‌ ‌ ‌ ‌ ‌ ‌ ‌ ‌ ‌ ‌ ‌ ‌ ‌ ‌ ‌ ‌ ‌ ‌ ‌ ‌ ‌ ‌ ‌ ‌ ‌ ‌ ‌ ‌,True,,Рекламная рассылка,0.6048,Неприемлемый контент,0.5779,Техническая поддержка,0.5659,Новостные рассылки,0.5604,Регистрация и подтверждение,0.5546,Рекламная рассылка,0.6048,0.6047946214675903
financial_transactions_and_cheques_2.eml,Вам пришел новый счет,"Вам пришел новый счет. Вам пришел новый счет. Вам пришел новый счет. Тема письма: Вам пришел новый счет По Вашей подписке найден новый счет У Вас новый счет на оплату Здравствуйте! По номеру стационарного телефона, указанному в Вашем личном кабинете, найден новый счет на оплату. УИН: 100403424953214",True,,Регистрация и подтверждение,0.7458,Финансовые операции,0.6821,Системные уведомления,0.6441,Рекламная рассылка,0.6102,Техническая поддержка,0.5984,Регистрация и подтверждение,0.7458,0.745836615562439
financial_transactions_and_cheques_3.eml,Кассовый чек от ИП Черкасова Алена Андреевна 25.06.2025,"Кассовый чек от ИП Черкасова Алена Андреевна 25.06.2025. Кассовый чек от ИП Черкасова Алена Андреевна 25.06.2025. Кассовый чек от ИП Черкасова Алена Андреевна 25.06.2025. Тема письма: Кассовый чек от ИП Черкасова Алена Андреевна 25.06.2025


\u041a\u043e\u043d\u0442\u0443\u0440.\u041e\u0424\u0414

<",True,,Регистрация и подтверждение,0.6442,Рекламная рассылка,0.6238,Системные уведомления,0.6174,Неприемлемый контент,0.6073,Новостные рассылки,0.6027,Регистрация и подтверждение,0.6442,0.6441788673400879
financial_transactions_and_cheques_4.eml,Уведомление о счете от ЖКУ Москва,"Уведомление о счете от ЖКУ Москва. Уведомление о счете от ЖКУ Москва. Уведомление о счете от ЖКУ Москва. Тема письма: Уведомление о счете от ЖКУ Москва Т-Банк Оплатите счет без комиссии ЖКУ Москва Период Ноябрь 2025 Код плательщика 2635332745 9 999,79 руб. Сумма к оплате Оплатить [""https://link.emai",True,,Регистрация и подтверждение,0.6836,Финансовые операции,0.6670,Рекламная рассылка,0.6572,Системные уведомления,0.6570,Новостные рассылки,0.6113,Регистрация и подтверждение,0.6836,0.6836479902267456
financial_transactions_and_cheques_5.eml,Вернули деньги по заказу,Вернули деньги по заказу. Вернули деньги по заказу. Вернули деньги по заказу. Тема письма: Вернули деньги по заказу Они уже на вашей Ozon Карте &zwnj; &zwnj; &zwnj; &zwnj; &zwnj; &zwnj; &zwnj; &zwnj; &zwnj; &zwnj; &zwnj; &zwnj; &zwnj; &zwnj; &zwnj; &zwnj; &zwnj; &zwnj; &zwnj; &zwnj; &zwnj; &zwnj; &z,True,,Финансовые операции,0.6396,Рекламная рассылка,0.6224,Неприемлемый контент,0.6170,Новостные рассылки,0.6015,Бизнес-корреспонденция,0.5854,Финансовые операции,0.6396,0.6396426558494568
financial_transactions_and_cheques_6.eml,Кэшбэк по счету Black,"Кэшбэк по счету Black. Кэшбэк по счету Black. Кэшбэк по счету Black. Тема письма: Кэшбэк по счету Black Т-Банк 3381.54 рубль Ваш кэшбэк за 02.10.2025 — 01.11.2025 Чтобы узнать детали, зайдите на Главную [""https://link.emails.tinkoff.ru/tinkoff/pegate,bASYiswXhANTKMZX-sQetA/NC=6906f6f21bc1664becdcab9",True,,Регистрация и подтверждение,0.6446,Системные уведомления,0.6340,Рекламная рассылка,0.6247,Финансовые операции,0.6214,Новостные рассылки,0.6183,Регистрация и подтверждение,0.6446,0.6445515751838684
financial_transactions_and_cheques_7.eml,"Кассовый чек + (1) подарок. ГУП ""Московский метрополитен"" 1770 руб","Кассовый чек + (1) подарок. ГУП ""Московский метрополитен"" 1770 руб. Кассовый чек + (1) подарок. ГУП ""Московский метрополитен"" 1770 руб. Кассовый чек + (1) подарок. ГУП ""Московский метрополитен"" 1770 руб. Тема письма: Кассовый чек + (1) подарок. ГУП ""Московский метрополитен"" 1770 руб


\u0412\u0430\u",True,,Рекламная рассылка,0.6592,Регистрация и подтверждение,0.6459,Финансовые операции,0.6073,Системные уведомления,0.6011,Транспорт и путешествия,0.5923,Рекламная рассылка,0.6592,0.659203290939331
financial_transactions_and_cheques_8.eml,"Чек и подарок. АО СИНЕМА ПАРК, 770 ₽","Чек и подарок. АО СИНЕМА ПАРК, 770 ₽. Чек и подарок. АО СИНЕМА ПАРК, 770 ₽. Чек и подарок. АО СИНЕМА ПАРК, 770 ₽. Тема письма: Чек и подарок. АО СИНЕМА ПАРК, 770 ₽ Чек Вам доступен (1) подарок за покупку! Подарок за оплату Забрать Подарок за оплату разблокирован Активировать Акционерное общество ""СИ",True,,Рекламная рассылка,0.6621,Регистрация и подтверждение,0.6439,Финансовые операции,0.6325,Системные уведомления,0.6046,Неприемлемый контент,0.5889,Рекламная рассылка,0.6621,0.6620975732803345
financial_transactions_and_cheques_9.eml,"Кассовый чек № 132849 от 04-04-2025 08:38 ООО ""ЛАСТИК""","Кассовый чек № 132849 от 04-04-2025 08:38 ООО ""ЛАСТИК"". Кассовый чек № 132849 от 04-04-2025 08:38 ООО ""ЛАСТИК"". Кассовый чек № 132849 от 04-04-2025 08:38 ООО ""ЛАСТИК"". Тема письма: Кассовый чек № 132849 от 04-04-2025 08:38 ООО ""ЛАСТИК"" E-mail Template Кассовый чек. Приход 1. Билет №1276759441: Регис",True,,Регистрация и подтверждение,0.7265,Финансовые операции,0.6765,Системные уведомления,0.6675,Техническая поддержка,0.6302,Рекламная рассылка,0.6276,Регистрация и подтверждение,0.7265,0.7264664173126221
Harm_content_1.eml,4acd30a wrote something on your stream,"4acd30a wrote something on your stream. 4acd30a wrote something on your stream. 4acd30a wrote something on your stream. Тема письма: 4acd30a wrote something on your stream Hello 239cfc2, 4acd30a wrote something on your stream! Read Stream Posthttps://www.pornhub.com/users/239cfc2/post/stream_posts_g",True,,Неприемлемый контент,0.7164,Системные уведомления,0.6175,Регистрация и подтверждение,0.6065,Новостные рассылки,0.5918,Техническая поддержка,0.5818,Неприемлемый контент,0.7164,0.7163709402084351
Harm_content_10.eml,ANSWER & WIN *1EFP*,"ANSWER & WIN *1EFP*. ANSWER & WIN *1EFP*. ANSWER & WIN *1EFP*. Тема письма: ANSWER & WIN *1EFP* This message originated from outside the organization - Use Caution clicking links and opening attachments. From: wcook (wcook@turntide.com) Date: Fri, 14 Nov 2025 20:26:28 +0000 To: wcook Subject: Notifi",True,,Системные уведомления,0.6007,Рекламная рассылка,0.5926,Новостные рассылки,0.5795,Неприемлемый контент,0.5786,Финансовые операции,0.5630,Системные уведомления,0.6007,0.6007290482521057
Harm_content_2.eml,Кому везет в игре,"Кому везет в игре. Кому везет в игре. Кому везет в игре. Тема письма: Кому везет в игре Если письмо некорректно отображается в вашем почтовом клиенте, нажмите тут Vulkan24 Вулкан 24 Проверка на удачливость Что отличает успешных игроков от посредственных? Первые обладают острой интуицией. Она точно п",True,,Другое,0.5912,,,,,,,,,Другое,0.5912,0.5912481546401978
Harm_content_3.eml,Мы не забудем. Мы не простим.,"Мы не забудем. Мы не простим.. Мы не забудем. Мы не простим.. Мы не забудем. Мы не простим.. Тема письма: Мы не забудем. Мы не простим.

\u0421\u0435\u0433\u043e\u0434\u043d\u044f, \u043a\u0430\u043a \u0438 \u043a\u0430\u0436\u0434\u044b\u0439 \u0434\u0435\u043d\u044c \u0441 24 \u0444\u0435\u0432\u0",True,,Неприемлемый контент,0.6081,Техническая поддержка,0.5518,Системные уведомления,0.5328,Регистрация и подтверждение,0.5237,Новостные рассылки,0.4991,Неприемлемый контент,0.6081,0.6081092357635498
Harm_content_4.eml,link to my account,link to my account. link to my account. link to my account. Тема письма: link to my account link to my webcam you wanted Wanna see sexually curious teens playing with each other? http://www.site-personals.com <-- click here=) me and my horny girlfriends are waiting for you... we are probably eating ,True,,Неприемлемый контент,0.6916,Регистрация и подтверждение,0.5959,Техническая поддержка,0.5475,Рекламная рассылка,0.5455,Новостные рассылки,0.5313,Неприемлемый контент,0.6916,0.6916075944900513
Harm_content_5.eml,За время войны,"За время войны. За время войны. За время войны. Тема письма: За время войны \u041f\u043e\u0441\u043c\u043e\u0442\u0440\u0438\u0442\u0435, \u0447\u0442\u043e \u0432\u044b \u0441\u0434\u0435\u043b\u0430\u043b\u0438 \u0441 \u043d\u0430\u0448\u0435\u0439 \u0441\u0442\u0440\u0430\u043d\u043e\u0439 \u041f",True,,Неприемлемый контент,0.6506,Новостные рассылки,0.5935,Рекламная рассылка,0.5803,Бизнес-корреспонденция,0.5671,Системные уведомления,0.5656,Неприемлемый контент,0.6506,0.6505652070045471
Harm_content_6.eml,Эту игрушку вы возьмёте с собой 👀,"Эту игрушку вы возьмёте с собой 👀. Эту игрушку вы возьмёте с собой 👀. Эту игрушку вы возьмёте с собой 👀. Тема письма: Эту игрушку вы возьмёте с собой 👀

Эту игрушку вы возьмёте с собой 👀

Знаем точно: промокод – в письме, а Kiiroo Pocket Stroker – незаменим в путешествии ͏‌͏͏‌  ͏‌  ͏‌  ͏‌  ͏‌  ͏‌  ͏",True,,Неприемлемый контент,0.6021,Рекламная рассылка,0.6009,Регистрация и подтверждение,0.5738,Финансовые операции,0.5470,Транспорт и путешествия,0.5451,Неприемлемый контент,0.6021,0.602116048336029
Harm_content_7.eml,Looks like you know how to turn a girl on.,Looks like you know how to turn a girl on.. Looks like you know how to turn a girl on.. Looks like you know how to turn a girl on.. Тема письма: Looks like you know how to turn a girl on. Wanna meet a hot girl? I'm free and available just for you р\u0178\u02dc\u2030 Wanna meet a hot girl? I'm free a,True,,Другое,0.5936,,,,,,,,,Другое,0.5936,0.5936164855957031
Harm_content_8.eml,Комбо-бонус творит чудеса,"Комбо-бонус творит чудеса. Комбо-бонус творит чудеса. Комбо-бонус творит чудеса. Тема письма: Комбо-бонус творит чудеса Если письмо некорректно отображается в вашем почтовом клиенте, нажмите тут Vulkan24 Вулкан 24 Магия игры в действии Возможно ли превратить 1000 рублей в 1500, еще и 100 фриспинов н",True,,Рекламная рассылка,0.6199,Неприемлемый контент,0.6134,Регистрация и подтверждение,0.5967,Финансовые операции,0.5552,Новостные рассылки,0.5455,Рекламная рассылка,0.6199,0.6198532581329346
Harm_content_9.eml,Беспроигрышная лотерея 🎲,"Беспроигрышная лотерея 🎲. Беспроигрышная лотерея 🎲. Беспроигрышная лотерея 🎲. Тема письма: Беспроигрышная лотерея 🎲 Бонусы уже созрели 🍇 VStars Top 3 Сегодня тебе не придётся выбирать между солнцем ☀️ и удачей 🍀 — лови и то, и другое! Стартует лотерея ""Жаркий день удачи"", где проигрышей просто не су",True,,Неприемлемый контент,0.6145,Рекламная рассылка,0.5922,Финансовые операции,0.5661,Регистрация и подтверждение,0.5586,Транспорт и путешествия,0.5447,Неприемлемый контент,0.6145,0.6144692897796631
newsletters_1.eml,Важные новости для бухгалтера за 10–14 ноября,"Важные новости для бухгалтера за 10–14 ноября. Важные новости для бухгалтера за 10–14 ноября. Важные новости для бухгалтера за 10–14 ноября. Тема письма: Важные новости для бухгалтера за 10–14 ноября

Для бухгалтера Важные новости для бухгалтера за 10–14 ноября Коротко Минэкономразвития установило к",True,,Финансовые операции,0.7024,Новостные рассылки,0.6945,Системные уведомления,0.6567,Бизнес-корреспонденция,0.6291,Регистрация и подтверждение,0.6256,Финансовые операции,0.7024,0.702394425868988
newsletters_10.eml,Новости ИТ-рынка от TAdviser. 17-11-2025,"Новости ИТ-рынка от TAdviser. 17-11-2025. Новости ИТ-рынка от TAdviser. 17-11-2025. Новости ИТ-рынка от TAdviser. 17-11-2025. Тема письма: Новости ИТ-рынка от TAdviser. 17-11-2025

\u0421\u043e\u043e\u0431\u0449\u0435\u043d\u0438\u0435 \u043f\u0435\u0440\u0435\u0434\u0430\u043d\u043e \u0432 \u0444\u",True,,Новостные рассылки,0.7203,Рекламная рассылка,0.6894,Неприемлемый контент,0.6542,Бизнес-корреспонденция,0.6520,Системные уведомления,0.6407,Новостные рассылки,0.7203,0.7202850580215454
newsletters_2.eml,"In Case You Missed It - Analysis: Trump’s boat strikes appear quite unpopular, as Americans again support due process","In Case You Missed It - Analysis: Trump’s boat strikes appear quite unpopular, as Americans again support due process. In Case You Missed It - Analysis: Trump’s boat strikes appear quite unpopular, as Americans again support due process. In Case You Missed It - Analysis: Trump’s boat strikes appear ",True,,Другое,0.5720,,,,,,,,,Другое,0.5720,0.5719638466835022
newsletters_3.eml,"In Case You Missed It - New York Jets cornerback Kris Boyd shot early
 Sunday, source says","In Case You Missed It - New York Jets cornerback Kris Boyd shot early
 Sunday, source says. In Case You Missed It - New York Jets cornerback Kris Boyd shot early
 Sunday, source says. In Case You Missed It - New York Jets cornerback Kris Boyd shot early
 Sunday, source says. Тема письма: In Case You",True,,Системные уведомления,0.6092,Регистрация и подтверждение,0.5659,Техническая поддержка,0.5518,Новостные рассылки,0.5513,Рекламная рассылка,0.5329,Системные уведомления,0.6092,0.6092177033424377
newsletters_4.eml,Новости ИТ-канала,"Новости ИТ-канала. Новости ИТ-канала. Новости ИТ-канала. Тема письма: Новости ИТ-канала


*IT Channel News* 	
\u041f\u043e\u0434\u043f\u0438\u0441\u044b\u0432\u0430\u0439\u0442\u0435\u0441\u044c \u043d\u0430 \u043d\u0430\u0441: 	<https://t.me/itchannelnewsru> 
<https://vk.com/itchannelnewsru> 	<http",True,,Новостные рассылки,0.6944,Неприемлемый контент,0.6925,Системные уведомления,0.6319,Рекламная рассылка,0.6136,Техническая поддержка,0.6078,Новостные рассылки,0.6944,0.6944488286972046
newsletters_5.eml,Trump v the BBC | Saturday Edition from the Guardian,"Trump v the BBC | Saturday Edition from the Guardian. Trump v the BBC | Saturday Edition from the Guardian. Trump v the BBC | Saturday Edition from the Guardian. Тема письма: Trump v the BBC | Saturday Edition from the Guardian

The president’s battle against the media goes international










<",True,,Новостные рассылки,0.6591,Неприемлемый контент,0.6151,Бизнес-корреспонденция,0.5770,Транспорт и путешествия,0.5574,Рекламная рассылка,0.5524,Новостные рассылки,0.6591,0.6590598821640015
newsletters_6.eml,Главные новости ИТ-рынка,"Главные новости ИТ-рынка. Главные новости ИТ-рынка. Главные новости ИТ-рынка. Тема письма: Главные новости ИТ-рынка

Ежедневная рассылка, 14 ноября 2025, пятница
            Разработчик российских чипов оштрафован на 50 миллионов за срыв сроков создания процессора
                В Telegram «варфоло",True,,Новостные рассылки,0.7071,Системные уведомления,0.7061,Техническая поддержка,0.6577,Неприемлемый контент,0.6426,Бизнес-корреспонденция,0.6332,Новостные рассылки,0.7071,0.7071335911750793
newsletters_7.eml,Главные новости ИТ-рынка,"Главные новости ИТ-рынка. Главные новости ИТ-рынка. Главные новости ИТ-рынка. Тема письма: Главные новости ИТ-рынка

Ежедневная рассылка, 13 ноября 2025, четверг
            Десятки тысяч устройств под российскими брендами Sbertech, Lumien и Infobit застряли на складах из-за скандала на торгах
     ",True,,Новостные рассылки,0.7114,Системные уведомления,0.6780,Техническая поддержка,0.6575,Бизнес-корреспонденция,0.6560,Рекламная рассылка,0.6528,Новостные рассылки,0.7114,0.7113829255104065
newsletters_8.eml,Ежедневный выпуск от SecurityLab.Ru,"Ежедневный выпуск от SecurityLab.Ru. Ежедневный выпуск от SecurityLab.Ru. Ежедневный выпуск от SecurityLab.Ru. Тема письма: Ежедневный выпуск от SecurityLab.Ru

\u041f\u043e\u043f\u0443\u043b\u044f\u0440\u043d\u044b\u0435 \u0441\u0442\u0430\u0442\u044c\u0438 \u041a\u0430\u043a \u0438\u0441\u043f\u04",True,,Системные уведомления,0.6939,Новостные рассылки,0.6708,Регистрация и подтверждение,0.6348,Техническая поддержка,0.6287,Неприемлемый контент,0.6234,Системные уведомления,0.6939,0.6938986778259277
newsletters_9.eml,НовостиPlayGround.ru,"НовостиPlayGround.ru. НовостиPlayGround.ru. НовостиPlayGround.ru. Тема письма: НовостиPlayGround.ru Самое популярное на PlayGround.ru 15 ноября 2025 Привет, PerplexedHale! Ваш текущий баланс: 4 бонусов потратить &rarr; Стрелочка повернулась: Naughty Dog зацензурила повестку на одежде своей сотрудниц",True,,Неприемлемый контент,0.7063,Рекламная рассылка,0.6286,Новостные рассылки,0.6218,Системные уведомления,0.5913,Финансовые операции,0.5672,Неприемлемый контент,0.7063,0.7063314914703369
other_1.eml,Information regarding your Miro account,"Information regarding your Miro account. Information regarding your Miro account. Information regarding your Miro account. Тема письма: Information regarding your Miro account

Miro is no longer able to serve users registered from Russia or
Belarus, effective September 12, 2024.

\u034f \u200c \u034",True,,Регистрация и подтверждение,0.6313,Финансовые операции,0.6234,Рекламная рассылка,0.6029,Системные уведомления,0.5765,Новостные рассылки,0.5738,Регистрация и подтверждение,0.6313,0.6312642097473145
other_10.eml,FW: Don't forget to pay the tax within 2 days!,"FW: Don't forget to pay the tax within 2 days!. FW: Don't forget to pay the tax within 2 days!. FW: Don't forget to pay the tax within 2 days!. Тема письма: FW: Don't forget to pay the tax within 2 days!

Dear Pak Regy,

Fyi, dan tolong diblokir email yang ke say aini, nga jelas dan meresahkan, than",True,,Другое,0.5733,,,,,,,,,Другое,0.5733,0.5732654929161072
other_2.eml,"Бронирование на квест ""Сокровища бога Ра"" произошло успешно","Бронирование на квест ""Сокровища бога Ра"" произошло успешно. Бронирование на квест ""Сокровища бога Ра"" произошло успешно. Бронирование на квест ""Сокровища бога Ра"" произошло успешно. Тема письма: Бронирование на квест ""Сокровища бога Ра"" произошло успешно Мир Квестов Бронирование прошло успешно Анна",True,,Другое,0.5983,,,,,,,,,Другое,0.5983,0.5982874035835266
other_3.eml,Ваша конференция - Моя конференция удалена,"Ваша конференция - Моя конференция удалена. Ваша конференция - Моя конференция удалена. Ваша конференция - Моя конференция удалена. Тема письма: Ваша конференция - Моя конференция удалена \u0417\u0434\u0440\u0430\u0432\u0441\u0442\u0432\u0443\u0439\u0442\u0435, \u0418\u0432\u0430\u043d \u0418\u0432\",True,,Неприемлемый контент,0.6450,Техническая поддержка,0.6416,Новостные рассылки,0.6392,Регистрация и подтверждение,0.6363,Системные уведомления,0.6298,Неприемлемый контент,0.6450,0.6450493931770325
other_4.eml,Ваша подписка закончилась,Ваша подписка закончилась. Ваша подписка закончилась. Ваша подписка закончилась. Тема письма: Ваша подписка закончилась 96 Plus Но вы можете вернуться в Яндекс Плюс ⠀⠀⠀⠀⠀⠀⠀⠀⠀⠀⠀⠀⠀⠀⠀⠀⠀⠀⠀⠀⠀⠀⠀⠀⠀⠀⠀⠀⠀⠀⠀⠀⠀⠀⠀⠀⠀⠀⠀⠀⠀⠀⠀⠀⠀⠀⠀⠀⠀⠀⠀⠀⠀⠀⠀⠀⠀⠀⠀⠀⠀⠀⠀⠀⠀⠀⠀⠀⠀⠀⠀⠀⠀⠀⠀⠀⠀⠀⠀⠀⠀⠀⠀⠀⠀⠀⠀⠀⠀⠀⠀⠀⠀⠀⠀⠀⠀⠀⠀⠀⠀⠀⠀⠀⠀⠀⠀⠀⠀⠀⠀⠀⠀⠀⠀⠀⠀⠀⠀⠀⠀⠀⠀⠀⠀⠀⠀⠀⠀⠀⠀⠀⠀⠀⠀,True,,Неприемлемый контент,0.6518,Регистрация и подтверждение,0.6461,Системные уведомления,0.6257,Рекламная рассылка,0.6246,Техническая поддержка,0.5989,Неприемлемый контент,0.6518,0.6518449187278748
other_5.eml,BILLETES PUENTE DE DICIEMBRE,"BILLETES PUENTE DE DICIEMBRE. BILLETES PUENTE DE DICIEMBRE. BILLETES PUENTE DE DICIEMBRE. Тема письма: BILLETES PUENTE DE DICIEMBRE

Buenos dнas Pablo.

Como hablamos ayer, ya te he comprado tus billetes para el puente de diciembre.

Te los remito asн como tu Tarjeta Mбs Renfe, y los tendrбs ya en l",True,,Рекламная рассылка,0.6117,Системные уведомления,0.5994,Регистрация и подтверждение,0.5891,Неприемлемый контент,0.5890,Транспорт и путешествия,0.5671,Рекламная рассылка,0.6117,0.611701488494873
other_6.eml,"Напоминаем вам, что до начала вебинара осталось менее  1 дня","Напоминаем вам, что до начала вебинара осталось менее 1 дня. Напоминаем вам, что до начала вебинара осталось менее 1 дня. Напоминаем вам, что до начала вебинара осталось менее 1 дня. Тема письма: Напоминаем вам, что до начала вебинара осталось менее 1 дня 96 \u0414\u043e\u0431\u0440\u044b\u0439 \u04",True,,Неприемлемый контент,0.6497,Системные уведомления,0.6153,Регистрация и подтверждение,0.6072,Рекламная рассылка,0.5962,Новостные рассылки,0.5865,Неприемлемый контент,0.6497,0.649685800075531
other_7.eml,Обновление из Pinterest,"Обновление из Pinterest. Обновление из Pinterest. Обновление из Pinterest. Тема письма: Обновление из Pinterest

            Ознакомьтесь с последней информацией о сохраненном или созданном вами контенте, который может не соответствовать правилам сообщества Pinterest или местному законодательству. П",True,,Системные уведомления,0.6308,Регистрация и подтверждение,0.6281,Неприемлемый контент,0.6122,Новостные рассылки,0.6005,Рекламная рассылка,0.5938,Системные уведомления,0.6308,0.6307986378669739
other_8.eml,Вы записаны на открытый урок!,"Вы записаны на открытый урок!. Вы записаны на открытый урок!. Вы записаны на открытый урок!. Тема письма: Вы записаны на открытый урок!

m_auto_all_regol Ссылку на трансляцию отправим отдельным письмом и продублируем в смс за несколько минут до старта &zwnj; &zwnj; &zwnj; &zwnj; &zwnj; &zwnj; &zwnj;",True,,Регистрация и подтверждение,0.6575,Новостные рассылки,0.6456,Системные уведомления,0.6189,Неприемлемый контент,0.6182,Рекламная рассылка,0.5909,Регистрация и подтверждение,0.6575,0.6575270891189575
other_9.eml,"Приглашаем принять участие в опросе по инструментам разработки в системе ""1С:Предприятие""","Приглашаем принять участие в опросе по инструментам разработки в системе ""1С:Предприятие"". Приглашаем принять участие в опросе по инструментам разработки в системе ""1С:Предприятие"". Приглашаем принять участие в опросе по инструментам разработки в системе ""1С:Предприятие"". Тема письма: Приглашаем при",True,,Бизнес-корреспонденция,0.6915,Новостные рассылки,0.6730,Вакансии и карьера,0.6276,Рекламная рассылка,0.6193,Техническая поддержка,0.6182,Бизнес-корреспонденция,0.6915,0.6914637684822083
promotional_mailing_1.eml,11.11: до -50% на подборку напитков и до -40% на все!,11.11: до -50% на подборку напитков и до -40% на все!. 11.11: до -50% на подборку напитков и до -40% на все!. 11.11: до -50% на подборку напитков и до -40% на все!. Тема письма: 11.11: до -50% на подборку напитков и до -40% на все! До -50% на вина из автохтонов ⠀⠀⠀⠀⠀⠀⠀⠀⠀⠀⠀⠀⠀⠀⠀⠀⠀⠀⠀⠀⠀⠀⠀⠀⠀⠀⠀⠀⠀⠀⠀⠀⠀⠀⠀⠀⠀⠀,True,,Рекламная рассылка,0.6319,Неприемлемый контент,0.6254,Новостные рассылки,0.5945,Финансовые операции,0.5830,Транспорт и путешествия,0.5563,Рекламная рассылка,0.6319,0.6319445371627808
promotional_mailing_10.eml,"Я думаю, вам нравится /Модуль GPS GEPRC GEP.../... который просто $?? и почему ты все еще колеблешься?!","Я думаю, вам нравится /Модуль GPS GEPRC GEP.../... который просто $?? и почему ты все еще колеблешься?!. Я думаю, вам нравится /Модуль GPS GEPRC GEP.../... который просто $?? и почему ты все еще колеблешься?!. Я думаю, вам нравится /Модуль GPS GEPRC GEP.../... который просто $?? и почему ты все еще ",True,,Другое,0.5418,,,,,,,,,Другое,0.5418,0.5418397784233093
promotional_mailing_2.eml,👾 Если Иван интересуется онлайн-играми…,"👾 Если Иван интересуется онлайн-играми…. 👾 Если Иван интересуется онлайн-играми…. 👾 Если Иван интересуется онлайн-играми…. Тема письма: 👾 Если Иван интересуется онлайн-играми…

UCHi.RU Поможем сделать шаг к профессии в IT-сфере &zwnj; &zwnj; &zwnj; &zwnj; &zwnj; &zwnj; &zwnj; &zwnj; &zwnj; &zwnj; &z",True,,Неприемлемый контент,0.6055,Новостные рассылки,0.6035,Рекламная рассылка,0.5919,Регистрация и подтверждение,0.5566,Вакансии и карьера,0.5537,Неприемлемый контент,0.6055,0.6054935455322266
promotional_mailing_3.eml,Как пообедать на 199 ₽?,Как пообедать на 199 ₽?. Как пообедать на 199 ₽?. Как пообедать на 199 ₽?. Тема письма: Как пообедать на 199 ₽? 96 Ответ в письме + промокод ⠀⠀ ⠀⠀⠀⠀⠀⠀⠀⠀⠀⠀⠀⠀⠀⠀⠀⠀⠀⠀⠀⠀⠀⠀⠀⠀⠀⠀⠀⠀⠀⠀⠀⠀⠀⠀⠀⠀⠀⠀⠀⠀⠀⠀⠀⠀⠀⠀⠀⠀⠀⠀⠀⠀⠀⠀⠀⠀⠀⠀⠀⠀⠀⠀⠀⠀⠀⠀⠀⠀⠀⠀⠀⠀⠀⠀⠀⠀⠀⠀⠀⠀⠀⠀⠀⠀⠀⠀⠀⠀⠀⠀⠀⠀⠀⠀⠀⠀⠀⠀⠀⠀⠀⠀⠀⠀⠀⠀⠀⠀⠀⠀⠀⠀⠀⠀⠀⠀⠀⠀⠀⠀⠀⠀⠀⠀⠀⠀⠀⠀⠀⠀⠀⠀⠀⠀⠀⠀⠀⠀⠀⠀⠀⠀⠀⠀⠀⠀⠀⠀⠀⠀⠀⠀⠀⠀⠀⠀,True,,Рекламная рассылка,0.6535,Транспорт и путешествия,0.5869,Неприемлемый контент,0.5767,Новостные рассылки,0.5694,Регистрация и подтверждение,0.5687,Рекламная рассылка,0.6535,0.6535248160362244
promotional_mailing_4.eml,Началось... До –70% уже сегодня!,"Началось... До –70% уже сегодня!. Началось... До –70% уже сегодня!. Началось... До –70% уже сегодня!. Тема письма: Началось... До –70% уже сегодня!

Чёрная пятница уже здесь 96 11.11 и Чёрная пятница в Литрес &zwnj; &zwnj; &zwnj; &zwnj; &zwnj; &zwnj; &zwnj; &zwnj; &zwnj; &zwnj; &zwnj; &zwnj; &zwnj; ",True,,Неприемлемый контент,0.6227,Системные уведомления,0.6019,Новостные рассылки,0.5970,Рекламная рассылка,0.5649,Финансовые операции,0.5395,Неприемлемый контент,0.6227,0.6226541996002197
promotional_mailing_5.eml,Продлеваем скидки до 18 ноября,"Продлеваем скидки до 18 ноября. Продлеваем скидки до 18 ноября. Продлеваем скидки до 18 ноября. Тема письма: Продлеваем скидки до 18 ноября

96 + заморозка обучения ❄️ &zwnj; &zwnj; &zwnj; &zwnj; &zwnj; &zwnj; &zwnj; &zwnj; &zwnj; &zwnj; &zwnj; &zwnj; &zwnj; &zwnj; &zwnj; &zwnj; &zwnj; &zwnj; &zwnj;",True,,Рекламная рассылка,0.6776,Новостные рассылки,0.6272,Системные уведомления,0.6075,Финансовые операции,0.5887,Регистрация и подтверждение,0.5721,Рекламная рассылка,0.6776,0.6776185631752014
promotional_mailing_6.eml,Скидка 60% + второй курс в подарок 🔥,"Скидка 60% + второй курс в подарок 🔥. Скидка 60% + второй курс в подарок 🔥. Скидка 60% + второй курс в подарок 🔥. Тема письма: Скидка 60% + второй курс в подарок 🔥

96 На все курсы Нетологии до конца Ноября &zwnj; &zwnj; &zwnj; &zwnj; &zwnj; &zwnj; &zwnj; &zwnj; &zwnj; &zwnj; &zwnj; &zwnj; &zwnj; &z",True,,Рекламная рассылка,0.6383,Регистрация и подтверждение,0.6085,Новостные рассылки,0.6029,Неприемлемый контент,0.5790,Системные уведомления,0.5747,Рекламная рассылка,0.6383,0.6383092403411865
promotional_mailing_7.eml,Страшно приятная скидка на VDS,Страшно приятная скидка на VDS. Страшно приятная скидка на VDS. Страшно приятная скидка на VDS. Тема письма: Страшно приятная скидка на VDS 96 &#8202; Исчезнет через 3 дня ???? &zwnj; &zwnj; &zwnj; &zwnj; &zwnj; &zwnj; &zwnj; &zwnj; &zwnj; &zwnj; &zwnj; &zwnj; &zwnj; &zwnj; &zwnj; &zwnj; &zwnj; &zwn,True,,Рекламная рассылка,0.6454,Неприемлемый контент,0.6234,Системные уведомления,0.6183,Новостные рассылки,0.5853,Техническая поддержка,0.5749,Рекламная рассылка,0.6454,0.6453763842582703
promotional_mailing_8.eml,Чёрная Пятница в разгаре! ЛОВИТЕ ВЫГОДУ — цен ниже не будет 🖤,Чёрная Пятница в разгаре! ЛОВИТЕ ВЫГОДУ — цен ниже не будет 🖤. Чёрная Пятница в разгаре! ЛОВИТЕ ВЫГОДУ — цен ниже не будет 🖤. Чёрная Пятница в разгаре! ЛОВИТЕ ВЫГОДУ — цен ниже не будет 🖤. Тема письма: Чёрная Пятница в разгаре! ЛОВИТЕ ВЫГОДУ — цен ниже не будет 🖤 96 Промокод внутри ❯❯❯ Смотрите филь,True,,Рекламная рассылка,0.6559,Неприемлемый контент,0.6411,Новостные рассылки,0.5825,Финансовые операции,0.5663,Транспорт и путешествия,0.5477,Рекламная рассылка,0.6559,0.6559459567070007
promotional_mailing_9.eml,⚡️ Черная пятница на РБК,⚡️ Черная пятница на РБК. ⚡️ Черная пятница на РБК. ⚡️ Черная пятница на РБК. Тема письма: ⚡️ Черная пятница на РБК ⚡️ Черная пятница на РБК Скидки до 70% на готовые решения для бизнеса &zwnj;&#10240;&zwnj;&#10240;&zwnj;&#10240;&zwnj;&#10240;&zwnj;&#10240;&zwnj;&#10240;&zwnj;&#10240;&zwnj;&#10240;&z,True,,Новостные рассылки,0.6916,Рекламная рассылка,0.6588,Бизнес-корреспонденция,0.6312,Финансовые операции,0.6201,Неприемлемый контент,0.6199,Новостные рассылки,0.6916,0.6916361451148987
registration_confirmation_1.eml,112582 is your Reddit verification code,"112582 is your Reddit verification code. 112582 is your Reddit verification code. 112582 is your Reddit verification code. Тема письма: 112582 is your Reddit verification code 96 Email Template None Enter your verification code to finish signing up. 112582 If you didn’t make this request, you can ig",True,,Регистрация и подтверждение,0.7435,Техническая поддержка,0.6498,Системные уведомления,0.6494,Финансовые операции,0.5591,Новостные рассылки,0.5545,Регистрация и подтверждение,0.7435,0.7434848546981812
registration_confirmation_10.eml,Регистрация на сайте modernmagic.ru,Регистрация на сайте modernmagic.ru. Регистрация на сайте modernmagic.ru. Регистрация на сайте modernmagic.ru. Тема письма: Регистрация на сайте modernmagic.ru Вы зарегистрированы на сайте: modernmagic.ru Логин: v.p.ankevich@collectorshash.su Пароль: v.p.ankevich@collectorshash.su Для подтверждения ,True,,Регистрация и подтверждение,0.6837,Рекламная рассылка,0.6196,Системные уведомления,0.6070,Техническая поддержка,0.5914,Неприемлемый контент,0.5901,Регистрация и подтверждение,0.6837,0.6837241649627686
registration_confirmation_2.eml,Confirm registration,Confirm registration. Confirm registration. Confirm registration. Тема письма: Confirm registration Skrill 96 &zwnj; &zwnj; &zwnj; &zwnj; &zwnj; &zwnj; &zwnj; &zwnj; &zwnj; &zwnj; &zwnj; &zwnj; &zwnj; &zwnj; &zwnj; &zwnj; &zwnj; &zwnj; View In Browser View In Browser | Log in Money movers & makers &,True,,Регистрация и подтверждение,0.8048,Финансовые операции,0.6404,Системные уведомления,0.6322,Бизнес-корреспонденция,0.5977,Рекламная рассылка,0.5940,Регистрация и подтверждение,0.8048,0.8048394918441772
registration_confirmation_3.eml,Email Verification,Email Verification. Email Verification. Email Verification. Тема письма: Email Verification Email Verification Your verification code is 242337 Button Follow Us Twitter Instagram Linkedin Medium Contact Us help@kuda.com You can unsubscribe from marketing communications at any time in the Kuda app. U,True,,Регистрация и подтверждение,0.7361,Системные уведомления,0.6372,Техническая поддержка,0.6082,Рекламная рассылка,0.6030,Финансовые операции,0.5948,Регистрация и подтверждение,0.7361,0.7361463308334351
registration_confirmation_4.eml,Код подтверждения,"Код подтверждения. Код подтверждения. Код подтверждения. Тема письма: Код подтверждения Письмо 96 4940 — ваш код для авторизации на hh.ru. Вопросы и ответы ООО ""Хэдхантер"", юридический адрес 129085, г. Москва, ул. Годовикова, д.9, стр.10, ОГРН 1067761906805 © Группа компаний HeadHunter, 2000–2025",True,,Регистрация и подтверждение,0.7128,Системные уведомления,0.6691,Бизнес-корреспонденция,0.6273,Техническая поддержка,0.6221,Рекламная рассылка,0.6044,Регистрация и подтверждение,0.7128,0.7127609848976135
registration_confirmation_5.eml,📧 Подтвердите email,📧 Подтвердите email. 📧 Подтвердите email. 📧 Подтвердите email. Тема письма: 📧 Подтвердите email 96 📧 Подтвердите email Последний шаг — и вы с нами ͏&zwnj; ͏&zwnj; ͏&zwnj; ͏&zwnj; ͏&zwnj; ͏&zwnj; ͏&zwnj; ͏&zwnj; ͏&zwnj; ͏&zwnj; ͏&zwnj; ͏&zwnj; ͏&zwnj; ͏&zwnj; ͏&zwnj; ͏&zwnj; ͏&zwnj; ͏&zwnj; ͏&zwnj; ͏,True,,Регистрация и подтверждение,0.7112,Неприемлемый контент,0.6434,Системные уведомления,0.6379,Новостные рассылки,0.6237,Рекламная рассылка,0.6120,Регистрация и подтверждение,0.7112,0.711226224899292
registration_confirmation_6.eml,Подтвердите ваш email,"Подтвердите ваш email. Подтвердите ваш email. Подтвердите ваш email. Тема письма: Подтвердите ваш email body { Margin: 0; padding: 0; min-width: 100%; background-color: #f2f2f2; } table { border-spacing: 0; font-family: Aria, sans-serif; color: #333333; } p{ line-height: 1.4!important; color: #33333",True,,Регистрация и подтверждение,0.7337,Системные уведомления,0.6546,Техническая поддержка,0.5982,Финансовые операции,0.5916,Неприемлемый контент,0.5808,Регистрация и подтверждение,0.7337,0.7336673736572266
registration_confirmation_7.eml,"Подтвердите, пожалуйста, свой электронный адрес 💌","Подтвердите, пожалуйста, свой электронный адрес 💌. Подтвердите, пожалуйста, свой электронный адрес 💌. Подтвердите, пожалуйста, свой электронный адрес 💌. Тема письма: Подтвердите, пожалуйста, свой электронный адрес 💌 Здравствуйте! Пожалуйста, нажмите на кнопку ниже, чтобы подтвердить адрес почты: v.p",True,,Регистрация и подтверждение,0.6847,Системные уведомления,0.6269,Техническая поддержка,0.5964,Рекламная рассылка,0.5914,Финансовые операции,0.5854,Регистрация и подтверждение,0.6847,0.6847354769706726
registration_confirmation_8.eml,Подтверждение регистрации на сайте NameMC,"Подтверждение регистрации на сайте NameMC. Подтверждение регистрации на сайте NameMC. Подтверждение регистрации на сайте NameMC. Тема письма: Подтверждение регистрации на сайте NameMC Благодарим за регистрацию на сайте NameMC. Чтобы завершить процесс, перейдите по следующей ссылке. https://ru.namemc",True,,Регистрация и подтверждение,0.7398,Бизнес-корреспонденция,0.5890,Системные уведомления,0.5814,Новостные рассылки,0.5749,Неприемлемый контент,0.5651,Регистрация и подтверждение,0.7398,0.7398324012756348
registration_confirmation_9.eml,Регистрация на «EDC.SALE»,Регистрация на «EDC.SALE». Регистрация на «EDC.SALE». Регистрация на «EDC.SALE». Тема письма: Регистрация на «EDC.SALE» \u0417\u0434\u0440\u0430\u0432\u0441\u0442\u0432\u0443\u0439\u0442\u0435! \u041f\u0440\u0438 \u0440\u0435\u0433\u0438\u0441\u0442\u0440\u0430\u0446\u0438\u0438 \u0441\u0432\u043e\u,True,,Рекламная рассылка,0.6777,Регистрация и подтверждение,0.6633,Финансовые операции,0.6544,Неприемлемый контент,0.6257,Системные уведомления,0.6229,Рекламная рассылка,0.6777,0.6777486801147461
system_and_service_notifications_1.eml,#1cmycloud #update,"#1cmycloud #update. #1cmycloud #update. #1cmycloud #update. Тема письма: #1cmycloud #update Коллеги, сегодня в 22:00 по МСК планируем обновить Панель управления https://1cmycloud.com/console Перерыв составит не более 1 часа. P.S. Если вы не хотите получать рассылки подобного характера, сообщите об э",True,,Системные уведомления,0.7406,Техническая поддержка,0.6578,Регистрация и подтверждение,0.6568,Новостные рассылки,0.6497,Неприемлемый контент,0.6049,Системные уведомления,0.7406,0.7406007647514343
system_and_service_notifications_10.eml,"[GitHub] A new SSH authentication public key was added to your
 account",[GitHub] A new SSH authentication public key was added to your account. [GitHub] A new SSH authentication public key was added to your account. [GitHub] A new SSH authentication public key was added to your account. Тема письма: [GitHub] A new SSH authentication public key was added to your account ,True,,Регистрация и подтверждение,0.6564,Системные уведомления,0.6306,Техническая поддержка,0.5573,Новостные рассылки,0.5238,Финансовые операции,0.4901,Регистрация и подтверждение,0.6564,0.6564200520515442
system_and_service_notifications_2.eml,"AWS Budget Alert: Project ""Alpha"" exceeded 80% of budget","AWS Budget Alert: Project ""Alpha"" exceeded 80% of budget. AWS Budget Alert: Project ""Alpha"" exceeded 80% of budget. AWS Budget Alert: Project ""Alpha"" exceeded 80% of budget. Тема письма: AWS Budget Alert: Project ""Alpha"" exceeded 80% of budget ! BUDGET ALERT Budget Name: project-alpha-monthly Curren",True,,Системные уведомления,0.6505,Техническая поддержка,0.5893,Бизнес-корреспонденция,0.5655,Новостные рассылки,0.5622,Финансовые операции,0.5616,Системные уведомления,0.6505,0.6504723429679871
system_and_service_notifications_3.eml,Pipeline passed for project 'billing-api' on branch 'staging',Pipeline passed for project 'billing-api' on branch 'staging'. Pipeline passed for project 'billing-api' on branch 'staging'. Pipeline passed for project 'billing-api' on branch 'staging'. Тема письма: Pipeline passed for project 'billing-api' on branch 'staging' |Pipeline #782 for billing-api/billi,True,,Системные уведомления,0.6801,Бизнес-корреспонденция,0.6304,Новостные рассылки,0.5825,Техническая поддержка,0.5814,Вакансии и карьера,0.5728,Системные уведомления,0.6801,0.6801062226295471
system_and_service_notifications_4.eml,Автоматическое списание за хостинг VPS-784512,Автоматическое списание за хостинг VPS-784512. Автоматическое списание за хостинг VPS-784512. Автоматическое списание за хостинг VPS-784512. Тема письма: Автоматическое списание за хостинг VPS-784512 |\u0423\u0432\u0430\u0436\u0430\u0435\u043c\u044b\u0439 \u043a\u043b\u0438\u0435\u043d\u0442!| * *\u,True,,Неприемлемый контент,0.6850,Рекламная рассылка,0.6687,Системные уведомления,0.6627,Техническая поддержка,0.6595,Новостные рассылки,0.6555,Неприемлемый контент,0.6850,0.6850385665893555
system_and_service_notifications_5.eml,Richiesta Straordinario Claudio Ghidini,Richiesta Straordinario Claudio Ghidini. Richiesta Straordinario Claudio Ghidini. Richiesta Straordinario Claudio Ghidini. Тема письма: Richiesta Straordinario Claudio Ghidini Richiesta Straordinario Dipendente: Claudio Ghidini Data: 17.11.2025 Totale richiesto: 24:00 Note: https://31.44.39.162/myPl,True,,Техническая поддержка,0.6060,Неприемлемый контент,0.5601,Системные уведомления,0.5492,Финансовые операции,0.5362,Новостные рассылки,0.5227,Техническая поддержка,0.6060,0.606026291847229
system_and_service_notifications_6.eml,"Re: C3_SimpleBashUtils-1 | Merge master branch of project (id =
 27877) into master branch of project (id = 426168) (!1)",Re: C3_SimpleBashUtils-1 | Merge master branch of project (id = 27877) into master branch of project (id = 426168) (!1). Re: C3_SimpleBashUtils-1 | Merge master branch of project (id = 27877) into master branch of project (id = 426168) (!1). Re: C3_SimpleBashUtils-1 | Merge master branch of project ,True,,Системные уведомления,0.6186,Техническая поддержка,0.5887,Бизнес-корреспонденция,0.5886,Регистрация и подтверждение,0.5817,Финансовые операции,0.5608,Системные уведомления,0.6186,0.6186097264289856
system_and_service_notifications_7.eml,Deployment Status,Deployment Status. Deployment Status. Deployment Status. Тема письма: Deployment Status в\u2013ё Project: user-profile-service в\u2013ё Environment: production в\u2013ё Version: 2.3.1 в\u2013ё Initiator: jenkins-auto в\u2013ё Status: в\u0153\u2026 SUCCESS в\u2013ё Duration: 8m 45s р\u0178\u201c\u016,True,,Системные уведомления,0.7138,Техническая поддержка,0.6772,Бизнес-корреспонденция,0.6729,Регистрация и подтверждение,0.6419,Вакансии и карьера,0.6331,Системные уведомления,0.7138,0.7137847542762756
system_and_service_notifications_8.eml,📢 УВЕДОМЛЕНИЕ СБИС,"📢 УВЕДОМЛЕНИЕ СБИС. 📢 УВЕДОМЛЕНИЕ СБИС. 📢 УВЕДОМЛЕНИЕ СБИС. Тема письма: 📢 УВЕДОМЛЕНИЕ СБИС \u2022 \u041e\u0440\u0433\u0430\u043d\u0438\u0437\u0430\u0446\u0438\u044f: \u041e\u041e\u041e ""\u0420\u041d\u0414-\u0421\u043e\u0444\u0442"" \u2022 \u0422\u0438\u043f: \u0412\u0445\u043e\u0434\u044f\u0449\u043",True,,Неприемлемый контент,0.6517,Системные уведомления,0.6455,Новостные рассылки,0.6310,Регистрация и подтверждение,0.6268,Техническая поддержка,0.6222,Неприемлемый контент,0.6517,0.6516777276992798
system_and_service_notifications_9.eml,[Veeam] Backup Job 'VM-Daily-Prod' Result: Success,[Veeam] Backup Job 'VM-Daily-Prod' Result: Success. [Veeam] Backup Job 'VM-Daily-Prod' Result: Success. [Veeam] Backup Job 'VM-Daily-Prod' Result: Success. Тема письма: [Veeam] Backup Job 'VM-Daily-Prod' Result: Success |Backup Job session has finished.| * *Job Name:*VM-Daily-Prod * *Session ID:*a1b,True,,Системные уведомления,0.6821,Техническая поддержка,0.6489,Регистрация и подтверждение,0.6254,Вакансии и карьера,0.5995,Бизнес-корреспонденция,0.5828,Системные уведомления,0.6821,0.6821441650390625
technical_support_1.eml,Re: Не загружается страница отчётов в личном кабинете,"Re: Не загружается страница отчётов в личном кабинете. Re: Не загружается страница отчётов в личном кабинете. Re: Не загружается страница отчётов в личном кабинете. Тема письма: Re: Не загружается страница отчётов в личном кабинете

\u0417\u0434\u0440\u0430\u0432\u0441\u0442\u0432\u0443\u0439\u0442\",True,,Системные уведомления,0.7047,Техническая поддержка,0.6965,Новостные рассылки,0.6833,Неприемлемый контент,0.6480,Бизнес-корреспонденция,0.6466,Системные уведомления,0.7047,0.7047075629234314
technical_support_10.eml,Re: Proposal for ISO 14001 & 45001 Internal Audit and Training Service,"Re: Proposal for ISO 14001 & 45001 Internal Audit and Training Service. Re: Proposal for ISO 14001 & 45001 Internal Audit and Training Service. Re: Proposal for ISO 14001 & 45001 Internal Audit and Training Service. Тема письма: Re: Proposal for ISO 14001 & 45001 Internal Audit and Training Service
",True,,Бизнес-корреспонденция,0.6354,Регистрация и подтверждение,0.6249,Системные уведомления,0.6221,Новостные рассылки,0.6203,Техническая поддержка,0.6091,Бизнес-корреспонденция,0.6354,0.6353567242622375
technical_support_2.eml,Обращение клиента,Обращение клиента. Обращение клиента. Обращение клиента. Тема письма: Обращение клиента LG Electronics WorldWide GSFS This e-mail address is for sending only. Please press the More question / Reply button below to answer. Ваш запрос Номер ссылки : GCS240806014891 Дата : 06.08.2024 23:09 26 Тип запро,True,,Техническая поддержка,0.6702,Системные уведомления,0.6633,Финансовые операции,0.6135,Бизнес-корреспонденция,0.5965,Рекламная рассылка,0.5945,Техническая поддержка,0.6702,0.6701809763908386
technical_support_3.eml,Справка об обучении и договор,"Справка об обучении и договор. Справка об обучении и договор. Справка об обучении и договор. Тема письма: Справка об обучении и договор


\u0417\u0434\u0440\u0430\u0432\u0441\u0442\u0432\u0443\u0439\u0442\u0435!

\u0411\u043b\u0430\u0433\u043e\u0434\u0430\u0440\u0438\u043c \u0437\u0430 \u043e\u0431\",True,,Бизнес-корреспонденция,0.7041,Новостные рассылки,0.6832,Регистрация и подтверждение,0.6828,Финансовые операции,0.6671,Вакансии и карьера,0.6538,Бизнес-корреспонденция,0.7041,0.7041188478469849
technical_support_4.eml,"Протокол ежемесячной статусной встречи по проекту Introspect в ООО ""РосИнформТрастМаш"" от 02.09.2025","Протокол ежемесячной статусной встречи по проекту Introspect в ООО ""РосИнформТрастМаш"" от 02.09.2025. Протокол ежемесячной статусной встречи по проекту Introspect в ООО ""РосИнформТрастМаш"" от 02.09.2025. Протокол ежемесячной статусной встречи по проекту Introspect в ООО ""РосИнформТрастМаш"" от 02.09.",True,,Системные уведомления,0.7072,Новостные рассылки,0.6885,Бизнес-корреспонденция,0.6608,Техническая поддержка,0.6561,Рекламная рассылка,0.6448,Системные уведомления,0.7072,0.7071692943572998
technical_support_5.eml,Re: Возврат билетов,"Re: Возврат билетов. Re: Возврат билетов. Re: Возврат билетов. Тема письма: Re: Возврат билетов Здравствуйте! Если вы приобретали билеты на нашем сайте, то ознакомиться с условиями возврата и оформить его вы можете по ссылке https://intickets.ru/refund или обратитесь, пожалуйста, к вашему билетному ",True,,Транспорт и путешествия,0.6729,Рекламная рассылка,0.6366,Регистрация и подтверждение,0.6318,Системные уведомления,0.6174,Техническая поддержка,0.6060,Транспорт и путешествия,0.6729,0.6729282140731812
technical_support_6.eml,Не загружается страница отчётов в личном кабинете,"Не загружается страница отчётов в личном кабинете. Не загружается страница отчётов в личном кабинете. Не загружается страница отчётов в личном кабинете. Тема письма: Не загружается страница отчётов в личном кабинете

\u0414\u043e\u0431\u0440\u044b\u0439 \u0434\u0435\u043d\u044c!

\u041f\u0440\u0438 ",True,,Системные уведомления,0.6919,Техническая поддержка,0.6892,Новостные рассылки,0.6791,Неприемлемый контент,0.6723,Бизнес-корреспонденция,0.6378,Системные уведомления,0.6919,0.6919214129447937
technical_support_7.eml,RE:   Багаж Розыск багажа,RE: Багаж Розыск багажа. RE: Багаж Розыск багажа. RE: Багаж Розыск багажа. Тема письма: RE: Багаж Розыск багажа [Service Request #:1-3204783984802] Уважаемый Андрей! Благодарим Вас за выбор услуг ПАО «Аэрофлот» для организации Вашей поездки при следовании рейсом SU1138/04.09.2025 по маршруту Москва ,True,,Транспорт и путешествия,0.7016,Техническая поддержка,0.6282,Системные уведомления,0.6238,Рекламная рассылка,0.6192,Регистрация и подтверждение,0.5985,Транспорт и путешествия,0.7016,0.7015766501426697
technical_support_8.eml,Аэрофлот. Номер вашего обращения: 1-3204783984802,Аэрофлот. Номер вашего обращения: 1-3204783984802. Аэрофлот. Номер вашего обращения: 1-3204783984802. Аэрофлот. Номер вашего обращения: 1-3204783984802. Тема письма: Аэрофлот. Номер вашего обращения: 1-3204783984802 Спасибо за Ваше обращение! Вашей заявке присвоен номер: 1-3204783984802 . Мы получил,True,,Техническая поддержка,0.6638,Регистрация и подтверждение,0.6623,Транспорт и путешествия,0.6367,Системные уведомления,0.6318,Бизнес-корреспонденция,0.5816,Техническая поддержка,0.6638,0.6637876629829407
technical_support_9.eml,Re: Не загружается страница отчётов в личном кабинете,"Re: Не загружается страница отчётов в личном кабинете. Re: Не загружается страница отчётов в личном кабинете. Re: Не загружается страница отчётов в личном кабинете. Тема письма: Re: Не загружается страница отчётов в личном кабинете

\u0417\u0434\u0440\u0430\u0432\u0441\u0442\u0432\u0443\u0439\u0442\",True,,Системные уведомления,0.7042,Техническая поддержка,0.6956,Новостные рассылки,0.6827,Неприемлемый контент,0.6480,Регистрация и подтверждение,0.6463,Системные уведомления,0.7042,0.7042397856712341
transport_and_travel_1.eml,"Парк-Отель ""Воздвиженское"". Незавершенная бронь.","Парк-Отель ""Воздвиженское"". Незавершенная бронь.. Парк-Отель ""Воздвиженское"". Незавершенная бронь.. Парк-Отель ""Воздвиженское"". Незавершенная бронь.. Тема письма: Парк-Отель ""Воздвиженское"". Незавершенная бронь. ВОЗДВИЖЕНСКОЕ ПАРК-ОТЕЛЬ Московская область, Серпуховский район район, пос. Д/О Авангард",True,,Неприемлемый контент,0.6233,Рекламная рассылка,0.6153,Новостные рассылки,0.5717,Техническая поддержка,0.5493,Бизнес-корреспонденция,0.5485,Неприемлемый контент,0.6233,0.6232956647872925
transport_and_travel_10.eml,Ж/д билет из Москвы в Псков на 3.08.2025 успешно оплачен,"Ж/д билет из Москвы в Псков на 3.08.2025 успешно оплачен. Ж/д билет из Москвы в Псков на 3.08.2025 успешно оплачен. Ж/д билет из Москвы в Псков на 3.08.2025 успешно оплачен. Тема письма: Ж/д билет из Москвы в Псков на 3.08.2025 успешно оплачен



Туту.ру 
<http://www.tutu.ru/?utm_source=service_l",True,,Рекламная рассылка,0.6551,Системные уведомления,0.6494,Регистрация и подтверждение,0.6388,Транспорт и путешествия,0.6327,Техническая поддержка,0.5751,Рекламная рассылка,0.6551,0.6551209092140198
transport_and_travel_2.eml,Ваша поездка Москва — Санкт-Петербург уже завтра,"Ваша поездка Москва — Санкт-Петербург уже завтра. Ваша поездка Москва — Санкт-Петербург уже завтра. Ваша поездка Москва — Санкт-Петербург уже завтра. Тема письма: Ваша поездка Москва — Санкт-Петербург уже завтра


  \u200d \u200d \u200d \u200d \u200d \u200d \u200d \u200d \u200d \u200d \u200d \u200d ",True,,Транспорт и путешествия,0.6413,Рекламная рассылка,0.6247,Неприемлемый контент,0.6040,Системные уведомления,0.5882,Регистрация и подтверждение,0.5878,Транспорт и путешествия,0.6413,0.6413142681121826
transport_and_travel_3.eml,Ваше место было изменено / Your seat has been changed,"Ваше место было изменено / Your seat has been changed. Ваше место было изменено / Your seat has been changed. Ваше место было изменено / Your seat has been changed. Тема письма: Ваше место было изменено / Your seat has been changed


Aeroflot logo 
<http://www.aeroflot.ru?utm_term=logo&utm_campaign=",True,,Транспорт и путешествия,0.6856,Рекламная рассылка,0.6412,Неприемлемый контент,0.6243,Регистрация и подтверждение,0.6058,Техническая поддержка,0.6013,Транспорт и путешествия,0.6856,0.6855546832084656
transport_and_travel_4.eml,Добро пожаловать в Казань,Добро пожаловать в Казань. Добро пожаловать в Казань. Добро пожаловать в Казань. Тема письма: Добро пожаловать в Казань 96 Как прошёл ваш полёт? &zwnj; &zwnj; &zwnj; &zwnj; &zwnj; &zwnj; &zwnj; &zwnj; &zwnj; &zwnj; &zwnj; &zwnj; &zwnj; &zwnj; &zwnj; &zwnj; &zwnj; &zwnj; &zwnj; &zwnj; &zwnj; &zwnj; &,True,,Транспорт и путешествия,0.6339,Неприемлемый контент,0.6192,Рекламная рассылка,0.6123,Системные уведомления,0.6066,Техническая поддержка,0.5849,Транспорт и путешествия,0.6339,0.6339068412780762
transport_and_travel_5.eml,"Парк-Отель ""Воздвиженское"" - специальная цена для следующего визита","Парк-Отель ""Воздвиженское"" - специальная цена для следующего визита. Парк-Отель ""Воздвиженское"" - специальная цена для следующего визита. Парк-Отель ""Воздвиженское"" - специальная цена для следующего визита. Тема письма: Парк-Отель ""Воздвиженское"" - специальная цена для следующего визита Воздвиженско",True,,Рекламная рассылка,0.6609,Неприемлемый контент,0.6320,Транспорт и путешествия,0.5913,Новостные рассылки,0.5825,Регистрация и подтверждение,0.5788,Рекламная рассылка,0.6609,0.6609338521957397
transport_and_travel_6.eml,Бронирование № 35189305— Поздравляем! Вы оформили бронь!,Бронирование № 35189305— Поздравляем! Вы оформили бронь!. Бронирование № 35189305— Поздравляем! Вы оформили бронь!. Бронирование № 35189305— Поздравляем! Вы оформили бронь!. Тема письма: Бронирование № 35189305— Поздравляем! Вы оформили бронь! Здравствуйте! Ваше бронирование подтверждено Вы внесли п,True,,Регистрация и подтверждение,0.6723,Системные уведомления,0.6459,Техническая поддержка,0.6051,Финансовые операции,0.5992,Рекламная рассылка,0.5913,Регистрация и подтверждение,0.6723,0.6723215579986572
transport_and_travel_7.eml,✈️ Открыта онлайн-регистрация на ваш рейс по маршруту Казань Москва,"✈️ Открыта онлайн-регистрация на ваш рейс по маршруту Казань Москва. ✈️ Открыта онлайн-регистрация на ваш рейс по маршруту Казань Москва. ✈️ Открыта онлайн-регистрация на ваш рейс по маршруту Казань Москва. Тема письма: ✈️ Открыта онлайн-регистрация на ваш рейс по маршруту Казань Москва

Регистрируй",True,,Транспорт и путешествия,0.7311,Регистрация и подтверждение,0.6808,Рекламная рассылка,0.6592,Системные уведомления,0.6348,Новостные рассылки,0.5994,Транспорт и путешествия,0.7311,0.7311298847198486
transport_and_travel_8.eml,✈️ Пора выезжать — путешествие начинается❗,"✈️ Пора выезжать — путешествие начинается❗. ✈️ Пора выезжать — путешествие начинается❗. ✈️ Пора выезжать — путешествие начинается❗. Тема письма: ✈️ Пора выезжать — путешествие начинается❗

Ваш перелёт уже скоро ✈️ &zwnj; &zwnj; &zwnj; &zwnj; &zwnj; &zwnj; &zwnj; &zwnj; &zwnj; &zwnj; &zwnj; &zwnj; &z",True,,Неприемлемый контент,0.6018,Транспорт и путешествия,0.6002,Рекламная рассылка,0.5546,Регистрация и подтверждение,0.5519,Вакансии и карьера,0.5479,Неприемлемый контент,0.6018,0.6018466353416443
transport_and_travel_9.eml,Яндекс Go — отчёт о поездке 20 ноября 2021 г.,Яндекс Go — отчёт о поездке 20 ноября 2021 г.. Яндекс Go — отчёт о поездке 20 ноября 2021 г.. Яндекс Go — отчёт о поездке 20 ноября 2021 г.. Тема письма: Яндекс Go — отчёт о поездке 20 ноября 2021 г. \u042f\u043d\u0434\u0435\u043a\u0441 Go <https://go.yandex> \u041c\u0430\u0440\u0448\u0440\u0443\u04,True,,Транспорт и путешествия,0.6309,Неприемлемый контент,0.6092,Новостные рассылки,0.6070,Рекламная рассылка,0.6017,Системные уведомления,0.6008,Транспорт и путешествия,0.6309,0.6308962106704712
vacancies_careers_1.eml,Новый отклик на вакансию Специалист по тестированию,Новый отклик на вакансию Специалист по тестированию. Новый отклик на вакансию Специалист по тестированию. Новый отклик на вакансию Специалист по тестированию. Тема письма: Новый отклик на вакансию Специалист по тестированию replmarker \u0417\u0434\u0440\u0430\u0432\u0441\u0442\u0432\u0443\u0439\u044,True,,Вакансии и карьера,0.6709,Новостные рассылки,0.6504,Системные уведомления,0.6371,Регистрация и подтверждение,0.6180,Рекламная рассылка,0.6100,Вакансии и карьера,0.6709,0.6709088683128357
vacancies_careers_10.eml,Новый отклик на вакансию,"Новый отклик на вакансию. Новый отклик на вакансию. Новый отклик на вакансию. Тема письма: Новый отклик на вакансию

Хабр Карьера – Помогаем строить карьеру в ИТ
––––––––––––––––––––––––––––––––––––––––––––––––––

Кандидат откликнулся на вашу вакансию Python разработчик (https://career.habr.com/vaca",True,,Вакансии и карьера,0.7547,Новостные рассылки,0.6680,Бизнес-корреспонденция,0.6149,Системные уведомления,0.5769,Рекламная рассылка,0.5737,Вакансии и карьера,0.7547,0.7547236680984497
vacancies_careers_2.eml,Мы получили ваше резюме на вакансию в Ozon,"Мы получили ваше резюме на вакансию в Ozon. Мы получили ваше резюме на вакансию в Ozon. Мы получили ваше резюме на вакансию в Ozon. Тема письма: Мы получили ваше резюме на вакансию в Ozon \u0417\u0434\u0440\u0430\u0432\u0441\u0442\u0432\u0443\u0439\u0442\u0435, \u041c\u0430\u0440\u0438\u044f \u0418\",True,,Вакансии и карьера,0.6955,Финансовые операции,0.6175,Новостные рассылки,0.6107,Неприемлемый контент,0.6106,Бизнес-корреспонденция,0.5975,Вакансии и карьера,0.6955,0.6955060362815857
vacancies_careers_3.eml,Отклик на вакансию Стажер Data Аналитик в Ашан,"Отклик на вакансию Стажер Data Аналитик в Ашан. Отклик на вакансию Стажер Data Аналитик в Ашан. Отклик на вакансию Стажер Data Аналитик в Ашан. Тема письма: Отклик на вакансию Стажер Data Аналитик в Ашан

\u0414\u043e\u0431\u0440\u044b\u0439 \u0434\u0435\u043d\u044c!

\u041c\u0435\u043d\u044f \u0437",True,,Новостные рассылки,0.6772,Вакансии и карьера,0.6766,Регистрация и подтверждение,0.6359,Системные уведомления,0.6351,Техническая поддержка,0.6321,Новостные рассылки,0.6772,0.6771899461746216
vacancies_careers_4.eml,Вакансия уйдёт в архив через 3 дня,Вакансия уйдёт в архив через 3 дня. Вакансия уйдёт в архив через 3 дня. Вакансия уйдёт в архив через 3 дня. Тема письма: Вакансия уйдёт в архив через 3 дня Хотите продлить размещение? ‌ ‌ ‌ ‌ ‌ ‌ ‌ ‌ ‌ ‌ ‌ ‌ ‌ ‌ ‌ ‌ ‌ ‌ ‌ ‌ ‌ ‌ ‌ ‌ ‌ ‌ ‌ ‌ ‌ ‌ ‌ ‌ ‌ ‌ ‌ ‌ ‌ ‌ ‌ ‌ ‌ ‌ ‌ ‌ ‌ ‌ ‌ ‌ ‌ ‌ ‌ ‌ ‌ ‌ ‌ ‌ ‌ ‌ ,True,,Неприемлемый контент,0.6049,Системные уведомления,0.6040,Регистрация и подтверждение,0.5997,Рекламная рассылка,0.5769,Новостные рассылки,0.5735,Неприемлемый контент,0.6049,0.6048733592033386
vacancies_careers_5.eml,Стажировка ATON Talent Program,"Стажировка ATON Talent Program. Стажировка ATON Talent Program. Стажировка ATON Talent Program. Тема письма: Стажировка ATON Talent Program


\u0423\u0432\u0430\u0436\u0430\u0435\u043c\u044b\u0435 \u0441\u0442\u0443\u0434\u0435\u043d\u0442\u044b!

\u041a\u043e\u043c\u043f\u0430\u043d\u0438\u044f \u0",True,,Вакансии и карьера,0.6327,Рекламная рассылка,0.6095,Регистрация и подтверждение,0.6022,Неприемлемый контент,0.6008,Новостные рассылки,0.5969,Вакансии и карьера,0.6327,0.6327261328697205
vacancies_careers_6.eml,"Вакансия Менеджер на удалёнку в онлайн-школу: вам написали из ""Удалённый успех""","Вакансия Менеджер на удалёнку в онлайн-школу: вам написали из ""Удалённый успех"". Вакансия Менеджер на удалёнку в онлайн-школу: вам написали из ""Удалённый успех"". Вакансия Менеджер на удалёнку в онлайн-школу: вам написали из ""Удалённый успех"". Тема письма: Вакансия Менеджер на удалёнку в онлайн-школу",True,,Вакансии и карьера,0.6641,Регистрация и подтверждение,0.6472,Системные уведомления,0.6324,Новостные рассылки,0.6272,Рекламная рассылка,0.6253,Вакансии и карьера,0.6641,0.6640512347221375
vacancies_careers_7.eml,Новый отклик на вакансию,"Новый отклик на вакансию. Новый отклик на вакансию. Новый отклик на вакансию. Тема письма: Новый отклик на вакансию

Хабр Карьера – Помогаем строить карьеру в ИТ
––––––––––––––––––––––––––––––––––––––––––––––––––

Кандидат откликнулся на вашу вакансию Python разработчик (https://career.habr.com/vaca",True,,Вакансии и карьера,0.7547,Новостные рассылки,0.6680,Бизнес-корреспонденция,0.6149,Системные уведомления,0.5769,Рекламная рассылка,0.5737,Вакансии и карьера,0.7547,0.7547236680984497
vacancies_careers_8.eml,Подтверждение получения вашего резюме в ООО Кубраст,"Подтверждение получения вашего резюме в ООО Кубраст. Подтверждение получения вашего резюме в ООО Кубраст. Подтверждение получения вашего резюме в ООО Кубраст. Тема письма: Подтверждение получения вашего резюме в ООО Кубраст

\u0417\u0434\u0440\u0430\u0432\u0441\u0442\u0432\u0443\u0439\u0442\u0435, \",True,,Вакансии и карьера,0.7147,Регистрация и подтверждение,0.6746,Бизнес-корреспонденция,0.6699,Финансовые операции,0.6539,Новостные рассылки,0.6501,Вакансии и карьера,0.7147,0.7146564722061157
vacancies_careers_9.eml,Мы рассмотрели ваш отклик,"Мы рассмотрели ваш отклик. Мы рассмотрели ваш отклик. Мы рассмотрели ваш отклик. Тема письма: Мы рассмотрели ваш отклик Т-Банк Благодарим за отклик Набор по вакансии «Оператор в дистанционный колл-центр» уже закрыт. Если вы хотите выбрать другую позицию, это можно сделать в личном кабинете. Выбрать ",True,,Вакансии и карьера,0.6865,Новостные рассылки,0.6646,Бизнес-корреспонденция,0.6545,Рекламная рассылка,0.6326,Финансовые операции,0.6201,Вакансии и карьера,0.6865,0.6864891648292542
